<launch>
  <arg name="fake_execution" default="false"/>
  <arg name="gazebo_sim" default="false"/>

<!-- Fake Arm -->
  <group if="$(arg fake_execution)">
    <!-- Set the param that trajectory_execution_manager needs to find the controller plugin -->
    <param name="moveit_controller_manager" value="moveit_fake_controller_manager/MoveItFakeControllerManager"/>

    <!-- The rest of the params are specific to this plugin -->
    <rosparam file="$(find j2s7s300_moveit_config)/config/fake_controllers.yaml"/>
  </group>

<!-- Real Arm -->
  <group unless="$(arg fake_execution)">
    <!-- Set the param that trajectory_execution_manager needs to find the controller plugin -->
    <param name="moveit_controller_manager" value="moveit_simple_controller_manager/MoveItSimpleControllerManager"/>

    <!-- The rest of the params are specific to this plugin -->
    <rosparam unless="$(arg gazebo_sim)" file="$(find j2s7s300_moveit_config)/config/controllers.yaml"/>
    <rosparam if="$(arg gazebo_sim)" file="$(find j2s7s300_moveit_config)/config/controllers_ros_control.yaml"/>
  </group>
</launch>
